<?xml version="1.0" encoding="UTF-8"?>
<objects serializationModel="Studio.02.00.00">
	<object class="EncodingSetting" id="{7e5436b3-fa04-4008-9027-4c5719decf09}">
		<property name="encodingFormat">
			<value>3</value>
		</property>
		<property name="quality">
			<value>37</value>
		</property>
		<relationship name="platform">
			<destination>{7c30a9cc-5b88-46bb-83d5-fbf819c24457}</destination>
		</relationship>
		<relationship name="encodable">
			<destination>{7c30a9cc-5b88-46bb-83d5-fbf819c24457}</destination>
		</relationship>
	</object>
</objects>
